                  epoch,         train/box_loss,         train/cls_loss,         train/dfl_loss,   metrics/precision(B),      metrics/recall(B),       metrics/mAP50(B),    metrics/mAP50-95(B),           val/box_loss,           val/cls_loss,           val/dfl_loss,                 lr/pg0,                 lr/pg1,                 lr/pg2
                      1,                  1.194,                 3.1375,                 1.5085,                0.00222,                 0.5199,                0.07689,                0.03911,                  1.429,                 3.8907,                 1.9361,             0.00034296,             0.00034296,             0.00034296
                      2,                 1.2169,                 2.6548,                 1.5248,                0.00321,                0.71945,                0.10445,                0.04445,                  1.758,                 3.7696,                  2.134,             0.00069328,             0.00069328,             0.00069328
                      3,                 1.3155,                 2.5127,                 1.5605,                0.19991,                0.14608,                0.06908,                0.02867,                 2.0066,                 4.2471,                 2.4319,              0.0010365,              0.0010365,              0.0010365
                      4,                 1.3255,                 2.4017,                 1.6086,                 0.1592,                0.15759,                0.06956,                0.02567,                  1.962,                 5.7089,                  3.054,              0.0013727,              0.0013727,              0.0013727
                      5,                 1.3748,                 2.3698,                 1.6133,                0.09076,                0.23839,                0.04135,                0.01583,                 1.9179,                 7.4016,                 2.5067,              0.0013724,              0.0013724,              0.0013724
                      6,                 1.2993,                 2.2339,                 1.5556,                0.15171,                0.21941,                0.11687,                0.05366,                 1.7984,                 3.5446,                  2.402,              0.0013724,              0.0013724,              0.0013724
                      7,                 1.3531,                 2.2014,                 1.6135,                0.18659,                0.22946,                0.15485,                0.07019,                 1.7821,                 3.8365,                 2.2694,              0.0013583,              0.0013583,              0.0013583
                      8,                 1.3445,                 2.1631,                 1.5829,                0.16519,                0.24403,                0.14025,                0.06147,                 1.8068,                 3.3228,                 2.2369,              0.0013441,              0.0013441,              0.0013441
                      9,                 1.2659,                 2.0563,                 1.5419,                0.22973,                0.28431,                0.17127,                0.07651,                 1.8327,                 2.9167,                 2.3403,                0.00133,                0.00133,                0.00133
                     10,                 1.2335,                  1.942,                 1.5242,                0.33826,                0.25198,                0.23865,                0.12299,                 1.6826,                 3.0819,                 2.2548,              0.0013158,              0.0013158,              0.0013158
                     11,                 1.3027,                  1.961,                 1.5485,                0.23862,                0.23132,                0.18189,                0.07981,                 1.9741,                 2.7456,                 2.4217,              0.0013017,              0.0013017,              0.0013017
                     12,                 1.2487,                 1.9321,                 1.5367,                0.20508,                0.24798,                0.17527,                0.07116,                 1.8652,                 2.7452,                 2.3327,              0.0012875,              0.0012875,              0.0012875
                     13,                 1.2234,                 1.8976,                 1.5106,                0.19898,                0.34047,                0.17052,                0.07928,                 1.7962,                 2.7938,                 2.3282,              0.0012734,              0.0012734,              0.0012734
                     14,                 1.2087,                 1.8519,                 1.4984,                0.20726,                0.25462,                0.16967,                  0.068,                 1.8155,                 3.0771,                 2.3176,              0.0012592,              0.0012592,              0.0012592
                     15,                 1.1982,                 1.7501,                 1.4569,                0.32529,                0.39017,                 0.2855,                0.14086,                 1.6741,                  2.442,                 2.1551,              0.0012451,              0.0012451,              0.0012451
                     16,                 1.1613,                  1.722,                 1.4667,                0.30254,                0.35743,                0.26701,                0.12671,                 1.6922,                 2.4898,                 2.1262,              0.0012309,              0.0012309,              0.0012309
                     17,                 1.1811,                 1.6885,                 1.4679,                0.22333,                0.19024,                0.15788,                0.06738,                 1.7976,                 3.0237,                  2.234,              0.0012168,              0.0012168,              0.0012168
                     18,                 1.1814,                 1.6918,                 1.4426,                0.26856,                0.29319,                0.21013,                0.09723,                 1.7632,                  2.514,                 2.2094,              0.0012026,              0.0012026,              0.0012026
                     19,                 1.1303,                 1.6113,                 1.4209,                0.33187,                0.32746,                0.30258,                 0.1504,                 1.6227,                  2.224,                 2.0469,              0.0011885,              0.0011885,              0.0011885
                     20,                 1.1664,                 1.6237,                 1.4534,                0.29552,                0.42676,                0.30255,                 0.1572,                 1.5703,                 2.0952,                 2.0508,              0.0011744,              0.0011744,              0.0011744
                     21,                 1.1203,                 1.6088,                 1.4149,                0.32635,                0.32589,                0.28497,                0.13137,                 1.6647,                 2.6519,                 2.1301,              0.0011602,              0.0011602,              0.0011602
                     22,                 1.0897,                 1.4559,                 1.3774,                0.28403,                0.32681,                0.25973,                0.12219,                 1.6908,                 2.1197,                 2.1224,              0.0011461,              0.0011461,              0.0011461
                     23,                 1.1104,                 1.5293,                 1.3819,                 0.2809,                0.33232,                0.21424,                 0.1078,                 1.6648,                 3.0409,                 2.0767,              0.0011319,              0.0011319,              0.0011319
                     24,                 1.0737,                 1.4251,                 1.3909,                0.27401,                0.29312,                 0.2251,                0.10886,                 1.6498,                  2.535,                 2.1123,              0.0011178,              0.0011178,              0.0011178
                     25,                  1.108,                 1.4394,                 1.4047,                0.34173,                0.31565,                0.26117,                0.13762,                 1.6267,                 2.3796,                 2.0162,              0.0011036,              0.0011036,              0.0011036
                     26,                 1.0762,                 1.4566,                 1.3726,                0.34098,                0.30527,                0.27379,                0.12662,                 1.7259,                 2.2422,                 2.1222,              0.0010895,              0.0010895,              0.0010895
                     27,                 1.0535,                 1.4223,                 1.3646,                0.38695,                 0.3188,                0.34385,                0.19294,                 1.5664,                 1.8862,                  1.971,              0.0010753,              0.0010753,              0.0010753
                     28,                 1.0378,                 1.4176,                 1.3444,                0.34589,                0.35236,                0.34465,                0.18968,                 1.6291,                 1.8915,                 2.0721,              0.0010612,              0.0010612,              0.0010612
                     29,                 1.0257,                  1.338,                 1.3382,                0.40361,                0.31281,                 0.3154,                  0.166,                 1.7087,                 2.1734,                 2.2168,               0.001047,               0.001047,               0.001047
                     30,                0.97733,                 1.2649,                 1.3018,                0.40402,                0.39383,                0.36171,                0.19518,                 1.5655,                 1.9677,                  1.996,              0.0010329,              0.0010329,              0.0010329
                     31,                 1.0025,                 1.2774,                 1.3276,                0.31443,                0.37003,                 0.3029,                0.16474,                 1.5745,                 2.1404,                 2.0117,              0.0010187,              0.0010187,              0.0010187
                     32,                0.97805,                 1.2114,                 1.2839,                0.32975,                0.33609,                0.30498,                0.16784,                 1.5732,                 2.1202,                 2.0253,              0.0010046,              0.0010046,              0.0010046
                     33,                0.97526,                 1.2324,                 1.3029,                0.31841,                0.33702,                0.32086,                  0.182,                 1.5392,                 1.9512,                 1.9518,             0.00099044,             0.00099044,             0.00099044
                     34,                0.93625,                 1.2273,                 1.2912,                0.29909,                0.42759,                0.28976,                0.17263,                 1.5673,                 2.2742,                 1.9778,             0.00097629,             0.00097629,             0.00097629
                     35,                0.93661,                 1.2012,                 1.2797,                0.38226,                0.38171,                0.33713,                0.19734,                 1.5086,                 2.1796,                 1.9703,             0.00096215,             0.00096215,             0.00096215
                     36,                0.93554,                 1.2042,                 1.2754,                0.35915,                0.33344,                 0.3101,                0.15985,                 1.7245,                 1.9508,                 2.3041,               0.000948,               0.000948,               0.000948
                     37,                0.88786,                 1.1338,                 1.2555,                0.37384,                0.34888,                 0.3073,                0.17459,                 1.6532,                  2.135,                 2.0955,             0.00093385,             0.00093385,             0.00093385
                     38,                0.89527,                 1.1288,                 1.2569,                0.40361,                0.37095,                0.35095,                0.18564,                 1.6571,                 2.0865,                 2.0863,              0.0009197,              0.0009197,              0.0009197
                     39,                0.89358,                 1.1179,                 1.2483,                0.38681,                0.42757,                0.36461,                 0.1993,                 1.5868,                 1.9885,                 2.0126,             0.00090556,             0.00090556,             0.00090556
                     40,                0.84296,                  1.036,                 1.2234,                0.35872,                0.50062,                0.36107,                0.20658,                 1.5832,                  2.048,                 2.0391,             0.00089141,             0.00089141,             0.00089141
                     41,                0.87831,                 1.0494,                 1.2435,                0.36601,                0.36789,                0.32379,                0.19081,                 1.5939,                 2.1126,                 2.0554,             0.00087726,             0.00087726,             0.00087726
                     42,                 0.8559,                 1.0532,                  1.222,                0.35363,                0.35688,                0.31997,                0.18742,                   1.64,                 2.1182,                 2.0831,             0.00086312,             0.00086312,             0.00086312
                     43,                0.87729,                 1.0491,                 1.2397,                0.37272,                0.44117,                0.33361,                0.18965,                 1.5674,                 2.0563,                 1.9653,             0.00084897,             0.00084897,             0.00084897
                     44,                0.86827,                 1.0728,                 1.2338,                0.41812,                0.34739,                0.33742,                0.18468,                 1.6462,                 1.8762,                 2.0781,             0.00083482,             0.00083482,             0.00083482
                     45,                0.87261,                 1.0458,                 1.2311,                0.33488,                0.34018,                0.27816,                0.16621,                 1.6529,                 2.4474,                 2.1085,             0.00082067,             0.00082067,             0.00082067
                     46,                0.82969,                 1.0099,                 1.1839,                0.34966,                0.33463,                0.28793,                0.16789,                 1.5489,                 2.3111,                  2.004,             0.00080653,             0.00080653,             0.00080653
                     47,                0.85499,                 1.0194,                 1.2167,                0.42044,                0.36162,                0.34939,                0.20532,                 1.5392,                 1.7612,                 1.9712,             0.00079238,             0.00079238,             0.00079238
                     48,                0.82069,                0.99626,                 1.2006,                0.34234,                0.38198,                0.34969,                  0.201,                 1.6145,                 1.9204,                 2.0591,             0.00077823,             0.00077823,             0.00077823
                     49,                0.88434,                 1.0368,                  1.233,                0.41325,                0.35222,                 0.3659,                0.19101,                 1.7231,                 1.9092,                 2.1049,             0.00076409,             0.00076409,             0.00076409
                     50,                0.85074,                0.98166,                  1.218,                0.44427,                0.44294,                0.38544,                0.22175,                 1.5623,                 1.8289,                 1.9762,             0.00074994,             0.00074994,             0.00074994
                     51,                0.78996,                0.93716,                 1.1676,                0.43185,                0.47565,                0.38393,                0.22244,                 1.5655,                 1.8578,                 2.0157,             0.00073579,             0.00073579,             0.00073579
                     52,                0.81268,                0.92897,                 1.1864,                0.39067,                0.39056,                0.32115,                0.18517,                 1.6027,                 2.2801,                 2.1191,             0.00072164,             0.00072164,             0.00072164
                     53,                0.79081,                0.91062,                 1.1778,                0.37876,                0.41682,                0.37762,                0.23156,                 1.5269,                 1.7982,                 2.0018,              0.0007075,              0.0007075,              0.0007075
                     54,                0.76898,                 0.8739,                 1.1551,                0.39227,                0.42279,                0.37827,                0.21778,                 1.5906,                 1.8715,                 2.0299,             0.00069335,             0.00069335,             0.00069335
                     55,                 0.7579,                0.91132,                 1.1646,                0.35685,                0.47478,                0.32485,                0.17997,                 1.6181,                 2.3424,                  2.093,              0.0006792,              0.0006792,              0.0006792
                     56,                0.77661,                0.90134,                 1.1683,                0.43095,                0.40361,                0.35511,                0.19408,                 1.5545,                 2.0128,                 2.0154,             0.00066506,             0.00066506,             0.00066506
                     57,                0.76637,                0.86901,                 1.1532,                0.38967,                0.48521,                0.37286,                0.22094,                 1.5388,                 1.8251,                 1.9873,             0.00065091,             0.00065091,             0.00065091
                     58,                0.73567,                0.83875,                 1.1364,                0.37363,                0.46463,                0.34669,                0.20228,                 1.5752,                 1.8485,                 2.0333,             0.00063676,             0.00063676,             0.00063676
                     59,                0.74912,                0.82981,                 1.1544,                0.38321,                0.39601,                0.35814,                0.21028,                 1.5583,                 1.8728,                 2.0294,             0.00062262,             0.00062262,             0.00062262
                     60,                0.77424,                0.84248,                 1.1746,                0.43167,                0.45672,                0.37411,                0.21598,                 1.5936,                 1.7865,                 2.0267,             0.00060847,             0.00060847,             0.00060847
                     61,                0.72553,                0.77749,                  1.122,                 0.4699,                0.37064,                0.36895,                0.21918,                 1.5584,                 1.7957,                 1.9916,             0.00059432,             0.00059432,             0.00059432
                     62,                0.73031,                0.77636,                 1.1453,                0.41989,                0.47032,                0.36598,                0.21376,                 1.5654,                 1.9074,                 2.0264,             0.00058017,             0.00058017,             0.00058017
                     63,                0.71179,                0.78147,                 1.1259,                0.38536,                0.49067,                0.35099,                0.21096,                  1.552,                 1.9664,                 2.0284,             0.00056603,             0.00056603,             0.00056603
                     64,                0.71283,                0.81425,                 1.1314,                 0.4324,                0.42154,                 0.3879,                0.22806,                  1.512,                 1.7695,                 1.9803,             0.00055188,             0.00055188,             0.00055188
                     65,                0.71982,                0.80718,                 1.1368,                0.41846,                0.41652,                0.38278,                0.22556,                  1.571,                 1.8734,                 2.0435,             0.00053773,             0.00053773,             0.00053773
                     66,                0.70729,                0.73164,                 1.1031,                0.43645,                0.36407,                0.36865,                0.22076,                 1.5601,                 1.8601,                 2.0262,             0.00052359,             0.00052359,             0.00052359
                     67,                0.68743,                0.73215,                  1.094,                0.41809,                0.44253,                0.37231,                0.21736,                 1.5208,                 1.8724,                  1.997,             0.00050944,             0.00050944,             0.00050944
                     68,                0.69293,                0.73417,                 1.0908,                0.42026,                0.44036,                0.37984,                0.22101,                 1.5371,                 1.7881,                 2.0175,             0.00049529,             0.00049529,             0.00049529
                     69,                0.68587,                0.72916,                 1.0994,                0.39216,                0.41077,                0.37367,                0.22872,                 1.5253,                 1.8106,                   2.01,             0.00048114,             0.00048114,             0.00048114
                     70,                0.69106,                0.73899,                 1.1026,                0.45952,                0.40906,                0.38323,                0.23216,                 1.5323,                 1.8619,                 2.0019,               0.000467,               0.000467,               0.000467
                     71,                0.67446,                0.71571,                 1.0949,                0.46247,                0.48792,                0.39359,                0.23664,                 1.5443,                 1.8545,                 2.0086,             0.00045285,             0.00045285,             0.00045285
                     72,                0.68295,                0.72425,                 1.0875,                0.47947,                0.41103,                0.38108,                 0.2228,                  1.533,                 1.8798,                      2,              0.0004387,              0.0004387,              0.0004387
                     73,                0.65741,                0.73169,                 1.0823,                0.41328,                0.44174,                0.37914,                0.22023,                 1.5496,                 1.8946,                 2.0346,             0.00042456,             0.00042456,             0.00042456
                     74,                0.69905,                0.72994,                 1.1134,                0.45549,                0.40744,                0.39562,                0.22812,                 1.5356,                 1.7754,                 2.0356,             0.00041041,             0.00041041,             0.00041041
                     75,                0.65302,                0.71041,                 1.0833,                0.47597,                0.42873,                0.39397,                0.24331,                  1.488,                 1.7346,                 1.9613,             0.00039626,             0.00039626,             0.00039626
                     76,                0.67125,                0.70131,                 1.0912,                 0.3846,                0.43516,                0.35351,                0.21359,                 1.5368,                 1.9986,                 2.0059,             0.00038211,             0.00038211,             0.00038211
                     77,                0.63087,                0.67681,                 1.0695,                0.42011,                0.45769,                0.38597,                0.23273,                 1.5004,                 1.8837,                 1.9943,             0.00036797,             0.00036797,             0.00036797
                     78,                0.63128,                0.65724,                 1.0593,                0.41505,                0.48812,                0.38369,                0.23182,                 1.5489,                 1.8982,                 2.0792,             0.00035382,             0.00035382,             0.00035382
                     79,                0.63104,                0.65515,                 1.0628,                0.43937,                0.43793,                0.39049,                0.23379,                 1.5498,                  1.773,                 2.0757,             0.00033967,             0.00033967,             0.00033967
                     80,                0.63894,                0.66477,                 1.0547,                0.41539,                 0.4528,                0.38285,                0.23081,                 1.5256,                 1.8523,                 2.0414,             0.00032553,             0.00032553,             0.00032553
                     81,                0.62303,                 0.6547,                 1.0744,                0.44897,                0.45582,                0.40673,                0.24623,                 1.5124,                 1.7905,                 2.0176,             0.00031138,             0.00031138,             0.00031138
                     82,                0.61716,                0.66921,                 1.0604,                0.46786,                 0.3986,                 0.3958,                0.24075,                 1.5146,                 1.7744,                 2.0255,             0.00029723,             0.00029723,             0.00029723
                     83,                 0.5915,                0.61054,                 1.0419,                0.45342,                0.42679,                0.38084,                0.23213,                 1.5142,                 1.8146,                 2.0271,             0.00028308,             0.00028308,             0.00028308
                     84,                0.59512,                0.60509,                 1.0439,                0.45061,                0.47684,                0.38614,                0.23385,                 1.4963,                 1.7951,                 2.0017,             0.00026894,             0.00026894,             0.00026894
                     85,                0.58718,                0.61315,                  1.036,                0.43847,                0.48874,                0.38718,                0.23544,                 1.5055,                 1.8286,                 2.0088,             0.00025479,             0.00025479,             0.00025479
                     86,                0.58302,                0.63464,                 1.0447,                0.47504,                0.46179,                0.39317,                0.23926,                 1.5126,                   1.86,                 2.0104,             0.00024064,             0.00024064,             0.00024064
                     87,                0.59336,                0.60541,                 1.0374,                 0.4633,                0.48131,                0.39788,                0.23445,                 1.5473,                  1.856,                 2.0583,              0.0002265,              0.0002265,              0.0002265
                     88,                 0.5867,                 0.6086,                 1.0379,                0.46618,                 0.5153,                0.40918,                0.24564,                 1.5177,                 1.7626,                 2.0417,             0.00021235,             0.00021235,             0.00021235
                     89,                0.57949,                0.56687,                  1.021,                0.47042,                 0.5082,                0.41396,                0.25154,                 1.4911,                 1.7871,                 2.0044,              0.0001982,              0.0001982,              0.0001982
                     90,                0.55993,                0.58048,                 1.0141,                0.45838,                0.49759,                0.40196,                 0.2436,                 1.5026,                 1.8559,                 2.0036,             0.00018406,             0.00018406,             0.00018406
                     91,                0.53798,                0.59282,                 1.0503,                0.48003,                0.43344,                0.39214,                0.23524,                 1.5198,                 1.8265,                 2.0237,             0.00016991,             0.00016991,             0.00016991
                     92,                0.51405,                 0.5485,                 1.0231,                0.48643,                0.42814,                0.38994,                0.22895,                 1.5567,                 1.8367,                 2.0873,             0.00015576,             0.00015576,             0.00015576
                     93,                0.49711,                0.51136,                 1.0077,                0.44935,                0.51279,                  0.408,                0.24438,                 1.5122,                 1.7228,                 2.0529,             0.00014161,             0.00014161,             0.00014161
                     94,                 0.4675,                0.44195,                0.98595,                0.47235,                0.50806,                0.41522,                0.25032,                 1.4884,                 1.7755,                 2.0332,             0.00012747,             0.00012747,             0.00012747
                     95,                0.46964,                0.45552,                0.99797,                0.46665,                0.49232,                0.41368,                0.25417,                 1.4843,                 1.8232,                 2.0208,             0.00011332,             0.00011332,             0.00011332
                     96,                0.45562,                0.43978,                0.98685,                0.44916,                0.46054,                0.40799,                0.25375,                 1.4942,                 1.8412,                 2.0434,             9.9173e-05,             9.9173e-05,             9.9173e-05
                     97,                0.47077,                0.44537,                0.99375,                0.42573,                0.55916,                0.41433,                0.25839,                 1.5043,                 1.7807,                 2.0645,             8.5026e-05,             8.5026e-05,             8.5026e-05
                     98,                0.47266,                0.44277,                0.99519,                0.45955,                0.47307,                0.41783,                0.25843,                   1.51,                 1.7416,                 2.0747,             7.0878e-05,             7.0878e-05,             7.0878e-05
                     99,                0.46282,                0.43335,                0.97657,                0.48511,                0.45446,                0.42104,                0.25953,                  1.509,                   1.72,                 2.0711,             5.6731e-05,             5.6731e-05,             5.6731e-05
                    100,                 0.4409,                 0.4321,                0.98169,                0.49326,                0.44227,                0.42425,                0.26318,                 1.5072,                 1.6954,                 2.0659,             4.2584e-05,             4.2584e-05,             4.2584e-05
